{
  "name": "CHSMOD",
  "version": "alpha1.1.1.1",
  "scriptFileList_inject_early": [],
  "scriptFileList_earlyload": [
  ],
  "scriptFileList_preload": [],
  "styleFileList": [],
  "scriptFileList": [],
  "tweeFileList": [],
  "imgFileList": [
  ],
  "additionFile": [],
  "addonPlugin": [
    {      
      "modName": "ReplacePatcher",
      "addonName": "ReplacePatcherAddon",
      "modVersion": "1.0.0",
      "js": [
          {
            "fileName": "UI.js",
            "from": "const breastSizes = [\"乳头\",\"微隆的\",\"小巧的\",\"偏小的\",\"坚挺的\",\"适中的\",\"饱满的\",\"硕大的\",\"丰腴的\",\"高耸的\",\"巨大的\",\"庞大的\",\"宏伟的\"];",
            "to": "const breastSizes = [\"乳头A\",\"微隆的A\",\"小巧的A\",\"偏小的A\",\"坚挺的A\",\"适中的A\",\"饱满的A\",\"硕大的A\",\"丰腴的A\",\"高耸的A\",\"巨大的A\",\"庞大的A\",\"宏伟的A\"];"
          }
        ]
    },
    {
      "modName": "ModLoader DoL ImageLoaderHook",
      "addonName": "ImageLoaderAddon",
      "modVersion": "^2.3.0",
      "params": []
    }
  ],
  "dependenceInfo": [
    {
      "modName": "TweeReplacer",
      "version": "^1.0.0"
    },
    {
      "modName": "ReplacePatcher",
      "version": "^1.0.0"
    },
    {
      "modName": "Simple Frameworks",
      "version": ">=1.0.0"
    },
    {
      "modName": "ModLoader",
      "version": "^2.5.2"
    },
    {
      "modName": "GameVersion",
      "version": "=0.4.5.3"
    },
    {
      "modName": "ModLoader DoL ImageLoaderHook",
      "version": "^2.3.0"
    }
  ]
}